<?xml version="1.0" encoding="UTF-8"?> 
<Configuration status="info" name="quickbricks" packages="com.splunk.logging">
    <Appenders>
        <SplunkHttp
              name="httpconf"
              url="https://splunkurl:8088"
              token="%user_httpEventCollector_token%"
              host="%user_host%"
              index="%user_index%"
              source="%user_source%"
              sourcetype="%user_sourcetype%"
              messageFormat="text"
              batch_interval="0"
              batch_size_bytes="0"
              batch_size_count="0"
              disableCertificateValidation="true">
            <PatternLayout pattern="%d{yy/MM/dd HH:mm:ss} %p %c{1}: %m%n%ex"/>
        </SplunkHttp>
    </Appenders>
    <Loggers>
        <Root level="INFO"/>
        <Logger name="quickbricks" level="info">
            <AppenderRef ref="httpconf"/>
        </Logger>
    </Loggers>
</Configuration>
